WEBSITE ADDRESS,EMAIL ADDRESS,ORGANIZATION,ADDRESSLINE1,ADDRESSLINE2,ADDRESSLINE3,ADDRESSLINE4,POSTTOWN,COUNTY,POSTCODE,TELEPH0NE,REGION or COUNTY,PAF Verified/Mailable
greatbritishcarvery.co.uk,queenelizabeth@greatbritishcarvery.co.uk,The Old Washford Mill,Icknield Street Drive,,,,STUDLEY,Warwickshire,B80 7BD,01527 523068,South West England,Yes
bmstores.co.uk,recruitment@bmstores.co.uk,Mirabelle Bar,28 Market Street,,,,DOWNPATRICK,County Down,BT30 6LY,028 4461 2565,Northern Ireland,Yes
thejollyrogergosport.co.uk,enquiries@thejollyrogergosport.co.uk,The Jolly Roger,156 Priory Road,,,,GOSPORT,Hampshire,PO12 4LQ,Tel:02392582584,London and South East England,Yes
nbsbar.co.uk,enquiries@nbsbar.co.uk,The Old White Hart,Cotton End,,,,NORTHAMPTON,Northamptonshire,NN4 8BS,01604 709990,Midlands,Yes
thewhitelionwherwell.co.uk,info@thewhitelionwherwell.co.uk,The White Lion Inn,,,,,Hampshire,,SP11 7JF,Tel:01264860317,London and South East England,
ponana.com,oxfordpnn@ponana.com,PO Na Na,43B Frederick Street,,,,EDINBURGH,Midlothian,EH2 1EP,Tel:01312262224,Scotland,Yes
axeandcleaver.com,info@axeandcleaver.com,Axe And Cleaver,Keeling Street,North Somercotes,,,LOUTH,Lincolnshire,LN11 7PR,01507 358738,Lincolnshire,Yes
therailwayinnstudley.co.uk,gerry@therailwayinnstudley.co.uk,Railway Inn  The,64 Station Road,,,,STUDLEY,Warwickshire,B80 7JS,01527 852597,Warwickshire,Yes
buccaneer.co.uk,gdbookings@buccaneer.co.uk,Buccaneer Holdings Ltd,37 Rodney Road,,,,CHELTENHAM,Gloucestershire,GL50 1HX,01242 239383,South West England,Yes
thewhitehartse19.co.uk,enquiry@thewhitehartse19.co.uk,The White Hart,96 Church Road,,,,LONDON,LONDON,SE19 2EZ,Tel: 020 8771 9389,London and South East England,Yes
thebellinnlangford.co.uk,info@thebellinnlangford.co.uk,The Bell Inn  Langford  Oxfordshire,Langford,,,,LECHLADE,Gloucestershire,GL7 3LF,Tel: 01367 860249,Gloucestershire,Yes
thelordnelsonbrentford.co.uk,tlncoments@414243.co.uk,The Lord Nelson,9-11 Enfield Road,,,,BRENTFORD,Middlesex,TW8 9NY,Tel: 020 8568 1877,Middlesex,Yes
theeagleinliss.co.uk,eat@theeagleinliss.co.uk,The Spread Eagle,Farnham Road,,,,LISS,Hampshire,GU33 6JU,01730 892088,Hampshire,Yes
faucetinn.com,salesandmarketing@faucetinn.com,Sir Richard Steele,97 Haverstock Hill,,,,LONDON,,NW3 4RL,Tel:02074831261,London and South East England,Yes
weltonmanorgolfcentre.co.uk,info@weltonmanorgolfcentre.co.uk,The Falconer,within Welton Manor Golf Centre  Hackthorn Rd,,,,Lincoln,,LN2 3PA,01673 861888,Midlands,Yes
centuriontravel.co.uk,scott@centuriontravel.co.uk,Dolphin Inn,25 West Road,Midsomer Norton,,,RADSTOCK,,BA3 2TL,Tel: 01761 413336,RADSTOCK,Yes
thesuninn.co.uk,info@thesuninn.co.uk,The Red Lion,69 High Street,Great Wakering,,,SOUTHEND-ON-SEA,Essex,SS3 0ED,01702 219296,London and the South East,Yes
the-lamb-inn-nomansland.co.uk,enquiries@the-lamb-inn-nomansland.co.uk,The Lamb Inn,Forest Road,Nomansland,,,SALISBURY,,SP5 2BP,Tel: 01794 390246,SALISBURY,Yes
langsettinn.com,vanda@langsettinn.com,Waggon & Horses,Langsett,Stocksbridge,,,SHEFFIELD,Yorkshire,S36 4GY,01226 763147,Northern England,Yes
theironbridgenorthwich.com,info@theironbridgenorthwich.com,The Iron Bridge,121 Chester Road,,,,NORTHWICH,Cheshire,CW8 1HH,01606 212825,Northern England,Yes
therutlandhotel.com,imogene@therutlandhotel.com,The Rutland Hotel,,,,,Edinburgh,,EH1 2AE,Tel:01312293402,Scotland,
jersey.co.uk,Beau@jerseyweb.demon.co.uk,Beau Rivage Hotel,La Route de la Baie,St. Brelade,,,JERSEY,,JE3 8EF,Tel: 01534 745983,JERSEY,Yes
middlestanley.co.uk,nick@middlestanley.co.uk,Middle Stanley,Middle Farm,Stanley Pontlarge,,,CHELTENHAM,Gloucestershire,GL54 5HE,Tel: 01242 673119,Gloucestershire,Yes
brewerytapleeds.co.uk,info@brewerytapleeds.co.uk,The Brewery Tap,New Station Street,,,,LEEDS,Yorkshire,LS1 5DL,0113 243 4414,Northern England,Yes
theeastonpub.co.uk,info@theeastonpub.co.uk,The Easton,22 Easton Street,,,,LONDON,,WC1X 0DS,Tel:02072787608,London and South East England,Yes
oldenglishpub.co.uk,cliff@oldenglishpub.com,The White Horse,530 Bath Road,,,,WEST DRAYTON,Middlesex,UB7 0EE,01753 682520,Middlesex,Yes
bigbluehotel.com,tim.bailey@bigbluehotel.com,Big Blue Hotel,Ocean Boulevard,Promenade,,,BLACKPOOL,Lancashire,FY4 1PL,Tel:08712224000,Northern England,Yes
doginad.co.uk,info@doginad.co.uk,Dog In A Doublet,Northside,Thorney,,,PETERBOROUGH,,PE6 0RW,Tel: 01733 202256,PETERBOROUGH,Yes
thegreyhoundwadhurst.co.uk,info@thegreyhoundwadhurst.co.uk,The Greyhound,High Street,,,,WADHURST,East Sussex,TN5 6AP,Tel: 01892 783224,East Sussex,Yes
thedownviewworthing.co.uk,downview.worthing@stonegatepubs.com,The Alex Public House,56 London Road,,,,BOGNOR REGIS,West Sussex,PO21 1PU,01243 863308,London and South East England,Yes
retrocardiff.co.uk,allison@retrocardiff.co.uk,Retro,7-8 Mill Lane,,,,CARDIFF,,CF10 1FL,,Wales,Yes
digbyhotelbirmingham.co.uk,info@digbyhotelbirmingham.co.uk,The Digby,1 Coleshill Road,Water Orton,,,BIRMINGHAM,,B46 1SH,Tel: 0121 749 2169,BIRMINGHAM,Yes
thecrownchiddingfold.com,enquiries@thecrownchiddingfold.com,The Crown Inn,The Green,Chiddingfold,,,GODALMING,Surrey,GU8 4TX,01428 682255,London and the South East,Yes
thefleur.net,info@thefleur.net,The Fleur De Lis,The Common,Stokenchurch,,,HIGH WYCOMBE,Buckinghamshire,HP14 3TZ,01494 482269,London and the South East,Yes
guildford.com,foodanddrink@guildford.com,Mandolay Hotel,36-40 London Road,,,,GUILDFORD,Surrey,GU1 2AE,Tel:01483303030,London and South East England,Yes
thepunchbowlmartoncumgrafton.com,enquiries@thepunchbowlmartoncumgrafton.com,The Punch Bowl Inn,Marton,Marton Cum Grafton,,,YORK,Yorkshire,YO51 9QY,01423 322519,Northern England,Yes
stanleyhouse.co.uk,info@stanleyhouse.co.uk,Stanley House,Further Lane,,,,Mellor,,BB2 7NP,Tel:01254769200,Northern England,Yes
moorlands.info,booking@moorlands.info,Moorlands,Moorlands,Lea,,,ROSS-ON-WYE,Herefordshire,HR9 7JY,01989 750230,Herefordshire,Yes
buckinghamhotel.co.uk,buckinghamhotel@aol.com,Buckingham Hotel,,,,,Buxton,,SK17 9AS,Tel:0129870481,Northern England,
generalburgoyne.com,contact@generalburgoyne.com,General Burgoyne Inn,Church Road,Great Urswick,,,ULVERSTON,Cumbria,LA12 0SZ,01229 586394,Northern England,Yes
thekingandqueenpub.co.uk,innfo@thekingandqueenpub.co.uk,King & Queen,High Street,Hamble,,,SOUTHAMPTON,Hampshire,SO31 4HA,023 8045 4247,London and the South East,Yes
theredlionhollington.co.uk,Info@theredlionhollington.co.uk,The Red Lion,Main Street,Hollington,,,ASHBOURNE,Derbyshire,DE6 3HA,01335 360138,Derbyshire,Yes
oddfellows.co.uk,denise.turner@oddfellows.co.uk,The Odd Fellows Friendly Society,6 Clarence Terrace,Warwick Street,,,LEAMINGTON SPA,Warwickshire,CV32 5LD,Tel: 01926 424112,Warwickshire,Yes
halzephron-inn.co.uk,enquiries@halzephron-inn.co.uk,The New Inn,Church Road,Mabe Burnthouse,,,PENRYN,Cornwall,TR10 9HN,01326 373428,South West England,Yes
thekingsarms-longham.co.uk,thekingsarmslongham@yahoo.co.uk,The Kings Arms (Longham),77 Ringwood Road,,,,FERNDOWN,Dorset,BH22 9AA,01202 577490,South West England,Yes
staustellbrewery.co.uk,oldcustomhouse@staustellbrewery.co.uk,The Ship Inn,Fore Street,Mevagissey,,,ST AUSTELL,Cornwall,PL26 6UQ,01726 843324,South West England,Yes
purpleturtlebar.com,reading@purpleturtlebar.com,The Purple Turtle,9 Gun Street,,,,READING,Berkshire,RG1 2JR,Tel:01189594549,London and South East England,Yes
parkersarms.co.uk,enquiries@parkersarms.co.uk,Parkers Arms,Newton in Bowland,,,,CLITHEROE,Lancashire,BB7 3DY,01200 446236*,Lancashire,Yes
mitchellsinns.co.uk,lastdrop@mitchellsinns.co.uk,ThOwd Tithebarn,Church Street,Garstang,,,PRESTON,Lancashire,PR3 1PA,01995 604486,Northern England,Yes
thehuntspillarmshighbridge.co.uk,enquiries@thehuntspillarmshighbridge.co.uk,The Huntspill Arms,92 Main Road,West Huntspill,,,HIGHBRIDGE,Somerset,TA9 3QZ,01278 783513,South West England,Yes
manorhoteldorset.com,relax@manorhoteldorset.com,The Manor Hotel,Beach Road,West Bexington,,,DORCHESTER,Dorset,DT2 9DF,Tel:01308897660,South West England,Yes
bugleinn.com,info@bugleinn.com,The Bugle Inn,24 St. Martins Street,,,,BRIGHTON,,BN2 3HJ,01273 607753,BRIGHTON,Yes
longhamwhitehorse.co.uk,david@longhamwhitehorse.co.uk,The Kings Head,27 White Hart Street,,,,THETFORD,Norfolk,IP24 1AA,01842 753050,London and the South East,Yes
u-student.com,louise@u-student.com,The Meeting Place,The Forge,,,,SUNDERLAND,,SR4 6PL,Tel: 0191 515 4555,SUNDERLAND,Yes
mitchellsinns.co.uk,mrfoleys@mitchellsinns.co.uk,ThOwd Tithebarn,Church Street,Garstang,,,PRESTON,Lancashire,PR3 1PA,01995 604486,Northern England,Yes
londonbridgehotel.com,quarterbar@londonbridgehotel.com,London Bridge Hotel,,,,,London,,SE1 9SG,Tel:02078552200,London and South East England,
redlionwainlode.co.uk,info@redlionwainlode.co.uk,The Red Lion,Wainlode Hill,Norton,,,GLOUCESTER,,GL2 9LW,Tel: 01452 730935,GLOUCESTER,Yes
chameleonbd.co.uk,info@chameleonbd.co.uk,Chameleon Bar Dining,Belasis Business Centre,Coxwold Way,Belasis Hall Technology Park,,BILLINGHAM,Cleveland,TS23 4EA,Tel: 01642 343415,Cleveland,Yes
lulworth.com,durdle.door@lulworth.com,The Weld Arms,,,,,Wareham,,BH20 5QQ,01929 400211,Not Specified,
thevenuecleveleys.co.uk,info@thevenuecleveleys.co.uk,The Venue,North Promenade,,,,THORNTON-CLEVELEYS,Lancashire,FY5 1LW,01253 852143,Northern England,Yes
trustinns.co.uk,recruitment@trustinns.co.uk,Trust Inns Ltd,Blenheim House,Ackhurst Business Park,Foxhole Road,,CHORLEY,Lancashire,PR7 1NY,01257 238800,Northern England,Yes
thelighte1.com,info@thelighte1.com,The Light,233 Shoreditch High Street,,,,LONDON,,E1 6PJ,Tel:02072478989,London and South East England,Yes
thekingstag.com,david@thekingstag.com,The King Stag,15 Bournehall Road,,,,BUSHEY,,WD23 3EH,Tel: 020 8950 2988,BUSHEY,Yes
barsoba.co.uk,city@barsoba.co.uk,Bar Soba,The Lighthouse,11 Mitchell Lane,,,GLASGOW,Lanarkshire,G1 3NU,Tel:01412042404,Scotland,Yes
four-pillars.co.uk,spires.gm@four-pillars.co.uk,Oxford Abingdon Four Pillars Hotel,,,,,Abingdon,,OX14 1TZ,Tel:01235553456,London and South East England,
theholliesinn.com,info@theholliesinn.com,The Hollies Inn,55 Westbury Leigh,,,,WESTBURY,Wiltshire,BA13 3SF,01373 864493,Wiltshire,Yes
theberrywalmer.co.uk,chris@theberrywalmer.co.uk,The Berry,23 Canada Road,Walmer,,,DEAL,Kent,CT14 7EQ,01304 362411,Kent,Yes
dixiearmshotel.co.uk,enquiries@dixiearmshotel.co.uk,Dixie Arms Hotel,6 Main Street,Market Bosworth,,,NUNEATON,Warwickshire,CV13 0JW,Tel:01455290218,Midlands,Yes
tayleurarms.co.uk,info@tayleurarms.co.uk,Harvey Inns,Long Waste,,,,Telford,,TF6 6LG,01952 770335,Northern England,Yes
thetwobrewers.co.uk,info@thetwobrewers.co.uk,Two Brewers,38  Leigh Rd,,,,Street,,BA16 0HB,01458 442421,Not Specified,Yes
plugandfeathers.co.uk,info@plugandfeathers.co.uk,The Plug & Feathers,Glapwell Lane,Glapwell,,,CHESTERFIELD,Derbyshire,S44 5PY,Tel: 01246 857236,Derbyshire,Yes
red.gg,eat@red.gg,Red Grill House And Cocktail Bar,Lower Pollet,St. Peter Port,,,GUERNSEY,,GY1 1WL,Tel: 01481 700299,GUERNSEY,Yes
thepheasantinn.com,stay@thepheasantinn.com,The Anglers Arms,,,,,Hexham,,NE48 1ER,01434 250072,Not Specified,
cravenheifer.co.uk,angela@cravenheifer.co.uk,Craven Heifer Inn,Grassington Road,,,,SKIPTON,North Yorkshire,BD23 3LA,Tel: 01756 792521,North Yorkshire,Yes
funkybrownz.co.uk,belmont@funkybrownz.co.uk,Funky Brownz,63-65 The Hyde,,,,LONDON,LONDON,NW9 6LE,Tel: 020 8205 6266,London and South East England,Yes
risingsunbeltinge.co.uk,info@risingsunbeltinge.co.uk,Rising Sun,103 Reculver Road,,,,HERNE BAY,Kent,CT6 6ND,Tel: 01227 634560,Kent,Yes
forestersarmsgrassington.co.uk,theforesters@totalise.co.uk,Foresters Armsgrassington,,,,,,,,,Northern England,
whitehouseviewguesthouse.co.uk,enquiries@whitehouseviewguesthouse.co.uk,The White House,38 Abingdon Road,,,,OXFORD,,OX1 4PD,01865 790106,OXFORD,Yes
rafa.org.uk,southwestarea@rafa.org.uk,Rafa Pub,137 Bute Street,,,,TREORCHY,Mid Glamorgan,CF42 6BB,01443 772346,Wales,Yes
oldhousenorthampton.co.uk,info@oldhousenorthampton.co.uk,Old House,214-216 Wellingborough Road,,,,NORTHAMPTON,,NN1 4EE,01604 633855,NORTHAMPTON,Yes
chequersbrasserie.co.uk,info@chequersbrasserie.co.uk,The Chequers,The Chequers,Dean Lane,Cookham,,MAIDENHEAD,Berkshire,SL6 9BQ,01628 481232,Berkshire,Yes
thejobbersrest.co.uk,sharon.causton@thejobbersrest.co.uk,The Plough,83 Front Lane,,,,UPMINSTER,Essex,RM14 1XL,01708 250211,London and South East England,Yes
wearyfriar.co.uk,info@wearyfriar.co.uk,The Weary Friar,Pillaton,,,,SALTASH,Cornwall,PL12 6QS,Tel: 01579 350238,Cornwall,Yes
lostangel.co.uk,info@lostangel.co.uk,The Lost Angel & The Gaslight Grill,339 Battersea Park Road,,,,LONDON,LONDON,SW11 4LS,Tel: 020 7622 2112,London and South East England,Yes
aberdeennorthernhotel.com,reservations@aberdeennorthernhotel.com,Ellingtons Bar/Diner,1 Great Northern Road,,,,ABERDEEN,,AB24 3PS,01224 483342,Scotland,Yes
cheshirecheeseinn.co.uk,info@cheshirecheeseinn.co.uk,Ye Olde Cheshire Cheese Inn,How Lane,Castleton,,,HOPE VALLEY,Derbyshire,S33 8WJ,01433 620330,Derbyshire,Yes
karaokebox.co.uk,soho@karaokebox.co.uk,Karaoke Box Soho,18 Frith Street,,,,LONDON,LONDON,W1D 4RQ,Tel: 020 7494 3878,London and South East England,Yes
georgeanddragoninn.co.uk,info@georgeanddragoninn.co.uk,The George & Dragon Inn,51 North Street,,,,CHICHESTER,West Sussex,PO19 1NQ,01243 785660,West Sussex,Yes
napoleons-casinos.co.uk,ecclesallrd@napoleons-casinos.co.uk,Napoleons Casino & Restaurant,844 Ecclesall Road,,,,SHEFFIELD,Yorkshire,S11 8TD,Tel:01142661115,Northern England,Yes
marymounthotel.co.uk,info@marymounthotel.co.uk,Mary Mount,,,,,Keswick,,CA12 5UU,Tel:01768777223,Northern England,
peachpubs.com,swan@peachpubs.com,The Black Horse,1 Bedford Street,Woburn,,,MILTON KEYNES,Bedfordshire,MK17 9QB,Tel:01525290210,London and South East England,Yes
thequeensheadbox.co.uk,info@thequeensheadbox.co.uk,The Queensheadbox,,,,,,,,,South West England,
punchtaverns.com,cassandra.bartlett@punchtaverns.com,Waterfold Farm Family Pub Restaurant,Waterfold Park,,,,BURY,Lancashire,BL9 7BR,0161 764 8911,Northern England,Yes
theislandnw10.co.uk,info@theislandnw10.co.uk,The Island,123 College Road,,,,LONDON,,NW10 5HA,020 8960 0693,London and the South East,Yes
claridges.co.uk,info@claridges.co.uk,Claridge's,49  Brook Street,,,,London,,W1K 4HR,Tel:02076298860,London and South East England,Yes
crownhallow.com,greatpeople@crownhallow.com,The Crown Inn,Main Road,Hallow,,,WORCESTER,Worcestershire,WR2 6LB,01905 640408,Midlands,Yes
theyellowhouse.eu,art@theyellowhouse.eu,The Yellow House,126 Lower Road,,,,LONDON,,SE16 2UE,Tel:02072318777,London and South East England,Yes
theunioninn.co.uk,dave@theunioninn.co.uk,Union Inn,10 Ford Street,Moretonhampstead,,,NEWTON ABBOT,Devon,TQ13 8LN,01647 440199,South West England,Yes
whitstablemonument.co.uk,enquiries@whitstablemonument.co.uk,The Monument,32 Church Street,,,,WHITSTABLE,Kent,CT5 1PH,Tel: 01227 264155,Kent,Yes
beehivepub.co.uk,book@beehivepub.co.uk,The Beehive,62 Albert Place,Boroughbury,,,PETERBOROUGH,,PE1 1DD,Tel: 01733 310600,PETERBOROUGH,Yes
dragonflycocktailbar.com,info@dragonflycocktailbar.com,Dragonflycocktail Bar,,,,,,,,,Scotland,
whitehorsehawkinge.co.uk,info@whitehorsehawkinge.co.uk,White Horse Inn,7 Canterbury Road,Hawkinge,,,FOLKESTONE,Kent,CT18 7JA,01303 892268,London and the South East,Yes
lathkil.co.uk,alice@lathkil.co.uk,The Grouse & Claret,Bakewell Road,Rowsley,,,MATLOCK,Derbyshire,DE4 2EB,01629 733233,Midlands,Yes
prince-rupert-hotel.co.uk,Email.post@prince-rupert-hotel.co.uk,Chambers Bar & Restaurant,Church Street,,,,SHREWSBURY,Shropshire,SY1 1UG,01743 233818,Midlands,Yes
traverse.co.uk,neil@traverse.co.uk,Traverse Theatre,10 Cambridge Street,,,,EDINBURGH,Midlothian,EH1 2ED,Tel:01312283223,Scotland,Yes
thechristmassteps.com,hello@thechristmassteps.com,The Christmas Steps,2 Christmas Steps,,,,BRISTOL,,BS1 5BS,Tel: 0117 925 3077,BRISTOL,Yes
ohhcompany.co.uk,thebearandswan@ohhcompany.co.uk,The Northey Arms,,,,,Box,,SN13,Tel:01225742333,South West England,
thestarandgarter.com,events@thestarandgarter.com,Star & Garter,Embankment,,,,,,SW15 1,Tel:02087802122,London and South East England,Yes
bluebell.com,howard.zuch@bluebell.com,The Blue Bell Pub Ltd,Church Street,Sandiacre,,,NOTTINGHAM,Derbyshire,NG10 5DF,0115 939 6689,Midlands,Yes
theoldorleton.com,web@theoldorleton.com,The Old Orleton Inn,378 Holyhead Road,Wellington,,,TELFORD,Shropshire,TF1 2HA,Tel:01952255011,Midlands,Yes
camdenbars.com,adie@camdenbars.com,Camden Bars,35 Chalk Farm Road,,,,LONDON,,NW1 8AJ,,London and South East England,Yes
theboatpenallt.co.uk,info@theboatpenallt.co.uk,The Boat Inn,Lone Lane,Penallt,,,MONMOUTH,Gwent,NP25 4AJ,01600 712615,Wales,Yes
kirkstyle-dunning.co.uk,michael@kirkstyle-dunning.co.uk,The Golf Inn,138 High Street,,,,AUCHTERARDER,Perthshire,PH3 1AD,01764 662883,Scotland,Yes
boatyardinn.co.uk,info@boatyardinn.co.uk,The Boatyard Inn,Bolton Road,Hoghton,Riley Green,,PRESTON,,PR5 0SP,01254 209841,PRESTON,Yes
peckfortoncastle.co.uk,dnaylor@peckfortoncastle.co.uk,Peckforton Castle,Stone House Lane,Peckforton,,,TARPORLEY,Cheshire,CW6 9TN,Tel:01829260930,Northern England,Yes
prestonfield.com,mr@prestonfield.com,Prestonfield House,Priestfield Road,,,,EDINBURGH,Midlothian,EH16 5UT,Tel:01312257800,Scotland,Yes
postgateinn.com,info@postgateinn.com,Postgate Inn,Egton Bridge,,,,WHITBY,North Yorkshire,YO21 1UX,01947 895241,North Yorkshire,Yes
thesuninn-hooknorton.co.uk,info@thesuninn-hooknorton.co.uk,The Sun Inn,High Street,Hook Norton,,,BANBURY,Oxfordshire,OX15 5NH,Tel: 01608 737570,Oxfordshire,Yes
altoriabars.com,info@altoriabars.com,Altoria Bar,45 Warwick Street,,,,LEAMINGTON SPA,Warwickshire,CV32 5JX,,South West England,Yes
channings.co.uk,food@channings.co.uk,"Channings Hotel, Edinburgh",,,,,Edinburgh,,EH4 1EZ,Tel:01313152226,Scotland,
thewhiteswanpub.co.uk,info@thewhiteswanpub.co.uk,The White Swan,The White Swan,Ash Road,Ash,,SEVENOAKS,Kent,TN15 7HJ,Tel: 01474 872300,Kent,Yes
shakespeares-sheffield.co.uk,music@shakespeares-sheffield.co.uk,The Shakespeares,146-148 Gibraltar Street,,,,SHEFFIELD,Yorkshire,S3 8UB,0114 275 5959,Northern England,Yes
vintageinn.co.uk,duncowdunchurchrugby@vintageinn.co.uk,The Admiral Rodney,592 Loxley Road,Loxley,,,SHEFFIELD,Yorkshire,S6 6RU,Tel:01142336121,Northern England,Yes
shaw-cash-registers.co.uk,shaws.booksellers@fullers.co.uk,Shaw-Cash-Registers,,,,,,,,,London and South East England,
royalpub.co.uk,hello@royalpub.co.uk,The Royal,54 Horsefair Street,Charlton Kings,,,CHELTENHAM,Gloucestershire,GL53 8JH,01242 228937,South West England,Yes
thefountainokehampton.co.uk,enquiries@thefountainokehampton.co.uk,Fountain Inn,Fore Street,,,,OKEHAMPTON,Devon,EX20 1AP,Tel: 01837 53532,Devon,Yes
theleconfieldpub.co.uk,info@theleconfieldpub.co.uk,The Leconfield,79 Green Lanes,,,,LONDON,LONDON,N16 9BU,020 7354 2791,London and South East England,Yes
thestarlessingham.co.uk,sue@thestarlessingham.co.uk,The Star Inn Restaurant,,,,,Norwich,,NR12 0DN,01692 580510,London and the South East,
barlogic.co.uk,info@barlogic.co.uk,Barlogic,Denmark Villas,,,,HOVE,East Sussex,BN3 3TH,Tel: 01273 248619,East Sussex,Yes
roebuckinn-banbury.co.uk,nick@roebuckinn-banbury.co.uk,The Roebuck Inn,Stratford Road,Drayton,,,BANBURY,Oxfordshire,OX15 6EN,01295 730542,London and South East England,Yes
birdinhand-hayle.co.uk,info@birdinhand-hayle.co.uk,Bird In Hand,31 Trelissick Road,,,,HAYLE,Cornwall,TR27 4HY,01736 753974,Cornwall,Yes
redlion-doune.com,info@redlion-doune.com,The Red Lion Inn,Balkerach Street,,,,DOUNE,Perthshire,FK16 6DF,Tel: 01786 842066,Perthshire,Yes
angel-larling.co.uk,info@angel-larling.co.uk,The Angel,Larling,,,,NORWICH,,NR16 2QT,01953 717963,NORWICH,Yes
housebars.co.uk,gardenbar@housebars.co.uk,Garden Bar,41 Bramley Road,,,,LONDON,LONDON,W10 6SZ,Tel: 020 7229 1111,London and South East England,Yes
altongardencentre.co.uk,Plant-Team@altongardencentre.co.uk,Digby's Restaurant at Alton Garden Centre,Arterial Road,North Benfleet,,,WICKFORD,Essex,SS12 9JG,01268 726421,London and South East England,Yes
bartendersinc.co.uk,phil@bartendersinc.co.uk,Bartenders Inc,Harlequin House,7 High Street,,,TEDDINGTON,Middlesex,TW11 8EE,07853 084659,Middlesex,Yes
travellersrestslaley.com,info@travellersrestslaley.com,The Travellers Rest,Travellers Rest,The Seal,,,HEXHAM,Northumberland,NE46 1TT,Tel: 01434 673231,Northumberland,Yes
brucetaverns.com,jobs@brucetaverns.com,Bruce Taverns,139  George St,,,,Edinburgh,,EH2 4JY,0131 226 1402,Scotland,Yes
whitehorsepub.f2s.com,info@whitehorsepub.f2s.com,The White Horse,49 West Lane,Sharlston Common,,,WAKEFIELD,West Yorkshire,WF4 1EP,Tel: 01924 862327,West Yorkshire,Yes
theastonnewport.com,info@theastonnewport.com,Flat,The Aston,Wellington Road,,,NEWPORT,Shropshire,TF10 9EJ,01952 820469,Midlands,Yes
antenna.uk.com,michael@antenna.uk.com,Antenna,9A Beck Street,,,,NOTTINGHAM,Nottinghamshire,NG1 1EQ,Tel:01159932350,Midlands,Yes
theporchester.co.uk,porchester@youngs.co.uk,Porchester,88 Bishops Bridge Road,,,,LONDON,LONDON,W2 5AA,Tel: 020 7229 2886,London and South East England,Yes
theparlourbarnewtownards.co.uk,enquiries@theparlourbarnewtownards.co.uk,The Parlour Bar & Restaurant,4 Castle Place,,,,NEWTOWNARDS,County Down,BT23 7JF,Tel: 028 9181 4154,County Down,Yes
brewersarmsclayworth.co.uk,gina@brewersarmsclayworth.co.uk,Brewers Arms,Brewers Arms,Town Street,Clayworth,,RETFORD,Nottinghamshire,DN22 9AD,Tel: 01777 816107,Nottinghamshire,Yes
geronimo-inns.co.uk,thenorthcote@geronimo-inns.co.uk,The Three Bells,Terminal Three,London Heathrow Airport,,,HOUNSLOW,Middlesex,TW6 1QG,020 8897 6755,London and the South East,Yes
chiquito.co.uk,durham@chiquito.co.uk,Chiquito Restaurant,Ann Street,,,,Belfast,,BT1 4QG,Tel:02890436770,Northern Ireland,Yes
gilgameshbar.com,events@gilgameshbar.com,Gilgamesh,The Stables Market,Chalk Farm Road,,,LONDON,LONDON,NW1 8AH,Tel: 020 7428 4922,London and South East England,Yes
punchpubs.co.uk,david.clark@punchpubs.co.uk,Punch Pubs,,,,,,,,,Midlands,
riversideinncallander.co.uk,info@riversideinncallander.co.uk,The Riverside Inn,8-10 Leny Road,,,,CALLANDER,Perthshire,FK17 8BA,Tel: 01877 331762,Perthshire,Yes
pimpshuei.co.uk,info@pimpshuei.co.uk,Pimpshuei,59 Mount Pleasant,,,,LONDON,LONDON,WC1X 0AY,,London and South East England,Yes
marketrasengolfclub.co.uk,johnsmith@marketrasengolfclub.co.uk,Market Rasen & District Golf Club,Legsby Road,,,,MARKET RASEN,Lincolnshire,LN8 3DZ,Tel: 01673 842319,Lincolnshire,Yes
ocean-beach.co.uk,jbacon@ocean-beach.co.uk,Ocean Beach Cafe Bar Bistro,Eastern Esplanade,,,,SOUTHEND-ON-SEA,Essex,SS1 2YG,01702 611363,London and the South East,Yes
cambridgecityhotel.co.uk,meetings@cambridgecityhotel.co.uk,Cambridge City Hotel,20 Downing Street,,,,CAMBRIDGE,Cambridgeshire,CB2 3DT,Tel:01223464491,London and South East England,Yes
slatersales.co.uk,sales@slatersales.co.uk,Slater's Ales,,Stafford,,,,,,01785 257976,,
theblacksmithsarms.com,eat@theblacksmithsarms.com,Blacksmiths Arms,Broughton Mills,,,,BROUGHTON-IN-FURNESS,Cumbria,LA20 6AX,Tel: 01229 716824,Cumbria,Yes
bayhorseinn.com,yvonne@bayhorseinn.com,Royal Oak,72 Main Street,Hornby,,,LANCASTER,Lancashire,LA2 8JT,01524 221228,Northern England,Yes
lisini.co.uk,lisa@lisini.co.uk,Parkville Hotel,296 Glasgow Road,Blantyre,,,GLASGOW,Lanarkshire,G72 9DG,01698 822861,Scotland,Yes
the-ram-inn.co.uk,info@the-ram-inn.co.uk,The Ram Inn,Yew Tree Cottage,Bussage Hill,Bussage,,STROUD,Gloucestershire,GL6 8BB,Tel:01453883163,South West England,Yes
gj-s.com,mail@gj-s.com,Gj's Bar And Restaurant,89 Garratt Lane,,,,LONDON,LONDON,SW18 4DW,020 8874 2271,London and South East England,Yes
thegeorgerobertsbridge.co.uk,jane@thegeorgerobertsbridge.co.uk,The George Inn,High Street,,,,ROBERTSBRIDGE,East Sussex,TN32 5AW,Tel: 01580 880315,East Sussex,Yes
buccaneer.co.uk,carpenters@buccaneer.co.uk,Buccaneer Holdings Ltd,37 Rodney Road,,,,CHELTENHAM,Gloucestershire,GL50 1HX,01242 239383,South West England,Yes
queenshead.com,ian.mitchell25@btinternet.com,The Queens Head,Parsonage Lane,Icklesham,,,WINCHELSEA,East Sussex,TN36 4BL,Tel: 01424 814552,East Sussex,Yes
wyevalleybrewery.co.uk,sales@wyevalleybrewery.co.uk,The Morgan,52 Clarence Road,,,,MALVERN,Worcestershire,WR14 3EQ,01684 578575,Midlands,Yes
tw2barandgrill.com,info@tw2barandgrill.com,Tw2 Bar And Grill Restaurant,80-82 The Green,,,,TWICKENHAM,,TW2 5AG,020 8898 9298,TWICKENHAM,Yes
theoathill.co.uk,theboss@theoathill.co.uk,The Oat Hill,31 Kettering Road,,,,MARKET HARBOROUGH,Leicestershire,LE16 8AN,01858 462324,Midlands,Yes
onealdwych.com,reservations@onealdwych.com,One Aldwych Hotel,1 Aldwych,,,,LONDON,,WC2B 4BZ,Tel:02073001000,London and South East England,Yes
noblevine-walton.com,thenoblevine@foundationinns.com,The Noble Vine,29-31 High Street,,,,WALTON-ON-THAMES,Surrey,KT12 1DG,Tel:01932254431,London and South East England,Yes
citytavern.co.uk,hello@citytavern.co.uk,City Tavern,10 Northumberland Road,,,,NEWCASTLE UPON TYNE,,NE1 8JF,Tel: 0191 232 1308,NEWCASTLE UPON TYNE,Yes
aeronaut.pub,hello@aeronaut.pub,The Aeronaut,264 High Street,Acton,,,LONDON,LONDON,W3 9BH,Tel: 020 8993 4242,London and South East England,Yes
brewersarmslewes.co.uk,brewersarmslewes@btconnect.com,The Brewers Arms,91 High Street,,,,LEWES,East Sussex,BN7 1XN,01273 475524,London and South East England,Yes
rutnet.co.uk,gvgc@rutnet.co.uk,The Wheatsheaf,2-4 Northgate,,,,OAKHAM,Rutland,LE15 6QS,01572 756797,Midlands,Yes
the-berkeley.co.uk,HealthSpa@the-berkeley.co.uk,The Berkeley,Wilton Place,,,,LONDON,,SW1X 7RL,Tel:02072356000,London and South East England,Yes
dinewithus.co.uk,info@dinewithus.co.uk,The Fighting Cocks,1 High Street,Stottesdon,,,KIDDERMINSTER,Worcestershire,DY14 8TZ,Tel: 01746 718270,Worcestershire,Yes
hollybushinnredditch.co.uk,info@hollybushinnredditch.co.uk,Hollybush Inn,Gorcott Hill,Beoley,,,REDDITCH,Worcestershire,B98 9EN,Tel: 01564 742427,Worcestershire,Yes
netherfieldarms.co.uk,info@netherfieldarms.co.uk,Netherfield Arms,Netherfield,,,,BATTLE,East Sussex,TN33 9QD,01424 838282,London and South East England,Yes
kilnfarmclub.com,manager@kilnfarmclub.com,Kiln Farm Club Bar & Restaurant,Keller Close  Kiln Farm,,,,Milton Keynes,,MK11 3LL,01908 262924,London and the South East,Yes
therisingsunwoodland.co.uk,enquiries@therisingsunwoodland.co.uk,The Rising Sun Inn,Woodland,,,,Newton Abbot,,TQ13 7JT,01364 652544,Not Specified,
thedeckersgroup.com,bev@thedeckersgroup.com,Plough & Flail,Paddock Hill,Mobberley,,,KNUTSFORD,Cheshire,WA16 7DB,Tel:01565873537,Northern England,Yes
peacock.co.uk,louth.parts@peacock.co.uk,Peacock Inn,Southchurch Drive,,,,NOTTINGHAM,Nottinghamshire,NG11 9FB,0115 921 2749,Midlands,Yes
alberthotelliverpool.co.uk,alberthotel.liverpool@stonegatepubs.com,The Mackenzie,162-164 Claughton Road,,,,BIRKENHEAD,Merseyside,CH41 6EY,0151 647 0968,Northern England,Yes
watermillinn.co.uk,info@Lakelandpub.co.uk,Watermill Inn & Brewery,,,,,,,,Tel:01539821309,Northern England,
thedoctorsorders.pub,info@thedoctorsorders.pub,The Doctor's Orders,412 Glossop Road,,,,SHEFFIELD,,S10 2JD,Tel: 0114 272 1214,SHEFFIELD,Yes
thehorseandgroomchichester.co.uk,info@thehorseandgroomchichester.co.uk,The Horse And Groomchichester,,,,,,,,,London and South East England,
kingsarmsgeorgeham.co.uk,info@kingsarmsgeorgeham.co.uk,The Kings Arms Ltd,Chapel St,,,,Braunton,,EX33 1JJ,01271 890240,Not Specified,Yes
thealbionclifton.co.uk,info@thealbionclifton.co.uk,The Albion Public House and Dining Rooms,Clifton Arcade,Boyces Avenue,,,BRISTOL,Gloucestershire,BS8 4AA,Tel:01179733522,South West England,Yes
the-geldart.co.uk,admin@the-geldart.co.uk,The Geldart,1 Ainsworth Street,,,,CAMBRIDGE,Cambridgeshire,CB1 2PF,Tel:01223314264,London and South East England,Yes
pelicaninn.co.uk,enquiries@pelicaninn.co.uk,The Pelican Inn,Bath Rd,,,,Marlborough,,SN8 3JY,01488 682479,Not Specified,Yes
scruffymurphys.co.uk,bookings@scruffymurphys.co.uk,Scruffy Murphys,42 Dale End,,,,BIRMINGHAM,,B4 7LN,0121 236 2035,Midlands,Yes
altongardencentre.co.uk,james@altongardencentre.co.uk,Digby's Restaurant at Alton Garden Centre,Arterial Road,North Benfleet,,,WICKFORD,Essex,SS12 9JG,01268 726421,London and South East England,Yes
grace-bar.co.uk,emma.howe@grace-bar.co.uk,Grace- Bar,,,,,,,,,London and South East England,
southampton-pubs.co.uk,sales@southampton-pubs.co.uk,Bent Brief,17-19 Lodge Road,,,,SOUTHAMPTON,Hampshire,SO14 6RP,Tel:02380322151,London and South East England,Yes
crosskeysliverpool.co.uk,info@crosskeysliverpool.co.uk,Cross Keys,13 Earle Street,,,,LIVERPOOL,,L3 9NS,,LIVERPOOL,Yes
lyceumfolknewport.org.uk,Info@lyceumfolknewport.org.uk,The Lyceum Tavern,110 Malpas Road,,,,NEWPORT,Gwent,NP20 5PL,Tel: 01633 858636,Gwent,Yes
hophouseinns.co.uk,sportsmannewtown@hophouseinns.co.uk,Hophouse Inns,17 Severn Street,,,,NEWTOWN,Powys,SY16 2AQ,01686 623978,Powys,Yes
daishs.com,info@daishs.com,Barrowfield Hotel,1-5 Hilgrove Road,,,,NEWQUAY,Cornwall,TR7 2QY,Tel:08448464680,South West England,Yes
theponyandtrap.co.uk,josh@theponyandtrap.co.uk,Pony & Trap,Pony & Trap,Knowle Hill,Chew Magna,,BRISTOL,,BS40 8TQ,01275 332627,BRISTOL,Yes
vivaryarms.com,emma@vivaryarms.com,The Bell Inn,Broadway,,,,ILMINSTER,Somerset,TA19 9RG,0146 052343,South West England,Yes
thebowlonline.co.uk,enquries@thebowlonline.co.uk,The Bowl Inn,The Street,Hastingleigh,,,ASHFORD,Kent,TN25 5HU,01233 750354,London and the South East,Yes
archangelfrome.com,hello@archangelfrome.com,Archangel,1 King Street,,,,FROME,Somerset,BA11 1BH,Tel: 01373 456111,Somerset,Yes
